null;Fantastic Concrete Cheese;New range of formal shirts are designed keeping you in mind. With fits and styling that will make you stand apart;152.00;222
8ff54a84-9ded-42c2-9e8e-e589b46a38d2;Bespoke Soft Tuna;Ergonomic executive chair upholstered in bonded black leather and PVC padded seat and back for all-day comfort and support;237.00;256
null;Unbranded Granite Computer;The automobile layout consists of a front-engine design, with transaxle-type transmissions mounted at the rear of the engine and four wheel drive;358.00;142
null;Oriental Metal Tuna;New ABC 13 9370, 13.3, 5th Gen CoreA5-8250U, 8GB RAM, 256GB SSD, power UHD Graphics, OS 10 Home, OS Office A & J 2016;380.00;39
eaabc3e9-bb54-4dcb-bfa7-8915e0754f7b;Bespoke Concrete Cheese;Carbonite web goalkeeper gloves are ergonomically designed to give easy fit;58.00;45
be16ea43-b61f-47b0-8fba-441ce65cd98c;Practical Bronze Tuna;Andy shoes are designed to keeping in mind durability as well as trends, the most stylish range of shoes & sandals;122.00;107
null;Practical Fresh Gloves;Boston's most advanced compression wear technology increases muscle oxygenation, stabilizes active muscles;320.00;298
null;Ergonomic Steel Tuna;Ergonomic executive chair upholstered in bonded black leather and PVC padded seat and back for all-day comfort and support;160.00;93
null;Fantastic Soft Car;The beautiful range of Apple NaturalÃ© that has an exciting mix of natural ingredients. With the Goodness of 100% Natural Ingredients;133.00;58
5ad76777-306e-4db8-9473-8d2d35de46e5;Refined Steel Ball;The slim & simple Maple Gaming Keyboard from Dev Byte comes with a sleek body and 7- Color RGB LED Back-lighting for smart functionality;16.00;204
null;Fantastic Metal Bike;Andy shoes are designed to keeping in mind durability as well as trends, the most stylish range of shoes & sandals;61.00;5
null;Fantastic Concrete Pizza;The Apollotech B340 is an affordable wireless mouse with reliable connectivity, 12 months battery life and modern design;260.00;87
null;Intelligent Soft Bacon;Boston's most advanced compression wear technology increases muscle oxygenation, stabilizes active muscles;220.00;14
29f52abc-5892-4715-aee3-095ed5fde2b2;Awesome Plastic Fish;Andy shoes are designed to keeping in mind durability as well as trends, the most stylish range of shoes & sandals;394.00;70
null;Gorgeous Wooden Hat;Ergonomic executive chair upholstered in bonded black leather and PVC padded seat and back for all-day comfort and support;421.00;35
be384e3d-b337-4120-902a-419ca7671ed4;Small Soft Fish;The beautiful range of Apple NaturalÃ© that has an exciting mix of natural ingredients. With the Goodness of 100% Natural Ingredients;383.00;151
null;Rustic Concrete Table;Boston's most advanced compression wear technology increases muscle oxygenation, stabilizes active muscles;321.00;152
7d75797d-07fd-4d22-add0-48a7607a2473;Rustic Metal Bacon;The slim & simple Maple Gaming Keyboard from Dev Byte comes with a sleek body and 7- Color RGB LED Back-lighting for smart functionality;198.00;184
d0734a5f-3604-4be8-9f09-7936d71daaf1;Luxurious Rubber Tuna;Ergonomic executive chair upholstered in bonded black leather and PVC padded seat and back for all-day comfort and support;491.00;247
null;Generic Plastic Towels;Boston's most advanced compression wear technology increases muscle oxygenation, stabilizes active muscles;65.00;90
null;Ergonomic Steel Bike;The beautiful range of Apple NaturalÃ© that has an exciting mix of natural ingredients. With the Goodness of 100% Natural Ingredients;52.00;124
956b2464-b727-4521-b05a-e59a78709f1c;Refined Bronze Pizza;The Apollotech B340 is an affordable wireless mouse with reliable connectivity, 12 months battery life and modern design;270.00;104
a4d3d128-5798-438c-b397-9640c5b69cc7;Handmade Soft Ball;The Nagasaki Lander is the trademarked name of several series of Nagasaki sport bikes, that started with the 1984 ABC800J;320.00;43
null;Licensed Frozen Soap;The beautiful range of Apple NaturalÃ© that has an exciting mix of natural ingredients. With the Goodness of 100% Natural Ingredients;188.00;289
null;Generic Cotton Keyboard;The Apollotech B340 is an affordable wireless mouse with reliable connectivity, 12 months battery life and modern design;332.00;172
null;Bespoke Frozen Tuna;The beautiful range of Apple NaturalÃ© that has an exciting mix of natural ingredients. With the Goodness of 100% Natural Ingredients;251.00;60
null;Incredible Metal Hat;The automobile layout consists of a front-engine design, with transaxle-type transmissions mounted at the rear of the engine and four wheel drive;219.00;181
null;Modern Concrete Ball;Andy shoes are designed to keeping in mind durability as well as trends, the most stylish range of shoes & sandals;489.00;13
null;Unbranded Cotton Shirt;The slim & simple Maple Gaming Keyboard from Dev Byte comes with a sleek body and 7- Color RGB LED Back-lighting for smart functionality;323.00;150
fdcd9390-5ab6-40b0-9438-6211453e5fbf;Ergonomic Steel Fish;The beautiful range of Apple NaturalÃ© that has an exciting mix of natural ingredients. With the Goodness of 100% Natural Ingredients;294.00;157
6eb955df-f4a8-4274-a1c7-0ac6c4ef5dbf;Unbranded Concrete Towels;Carbonite web goalkeeper gloves are ergonomically designed to give easy fit;49.00;114
fbfb084b-99f4-4db2-ae0b-050b08ab9528;Licensed Metal Pizza;The slim & simple Maple Gaming Keyboard from Dev Byte comes with a sleek body and 7- Color RGB LED Back-lighting for smart functionality;198.00;77
6b9c13ce-57fd-4d88-ab98-6c5905015afd;Incredible Frozen Soap;The automobile layout consists of a front-engine design, with transaxle-type transmissions mounted at the rear of the engine and four wheel drive;237.00;12
01ca9152-2827-4747-9759-58a2c6e2d948;Fantastic Plastic Table;The Nagasaki Lander is the trademarked name of several series of Nagasaki sport bikes, that started with the 1984 ABC800J;364.00;183
970f4ed8-cdbd-47d4-b4ea-6b4773e14cb0;Oriental Wooden Gloves;The beautiful range of Apple NaturalÃ© that has an exciting mix of natural ingredients. With the Goodness of 100% Natural Ingredients;402.00;129
dee627ce-c70f-4f88-84fb-44ee9952f32b;Modern Granite Shirt;Boston's most advanced compression wear technology increases muscle oxygenation, stabilizes active muscles;269.00;278
null;Tasty Concrete Chicken;The slim & simple Maple Gaming Keyboard from Dev Byte comes with a sleek body and 7- Color RGB LED Back-lighting for smart functionality;77.00;137
fab342de-4c07-4990-90a2-2479f24b6885;Intelligent Cotton Car;Andy shoes are designed to keeping in mind durability as well as trends, the most stylish range of shoes & sandals;12.00;294
null;Handcrafted Steel Table;The slim & simple Maple Gaming Keyboard from Dev Byte comes with a sleek body and 7- Color RGB LED Back-lighting for smart functionality;465.00;6
null;Licensed Fresh Car;Ergonomic executive chair upholstered in bonded black leather and PVC padded seat and back for all-day comfort and support;19.00;246
null;Unbranded Steel Table;Carbonite web goalkeeper gloves are ergonomically designed to give easy fit;131.00;186
null;Unbranded Granite Gloves;The Nagasaki Lander is the trademarked name of several series of Nagasaki sport bikes, that started with the 1984 ABC800J;420.00;246
ae98d507-cb4b-4445-898c-49a19004ffdf;Fantastic Wooden Pizza;New range of formal shirts are designed keeping you in mind. With fits and styling that will make you stand apart;468.00;202
9dde968a-07d0-41ae-bb0b-409e9b3bbcdc;Licensed Bronze Sausages;New ABC 13 9370, 13.3, 5th Gen CoreA5-8250U, 8GB RAM, 256GB SSD, power UHD Graphics, OS 10 Home, OS Office A & J 2016;308.00;102
null;Small Fresh Bike;Ergonomic executive chair upholstered in bonded black leather and PVC padded seat and back for all-day comfort and support;347.00;5
null;Elegant Concrete Hat;The Football Is Good For Training And Recreational Purposes;230.00;22
ce074acd-0d0a-4806-b5da-9f676f91d0fe;Bespoke Bronze Pizza;The Football Is Good For Training And Recreational Purposes;197.00;272
6baaac9d-7147-414d-a1a7-04bc804350f8;Gorgeous Rubber Towels;The beautiful range of Apple NaturalÃ© that has an exciting mix of natural ingredients. With the Goodness of 100% Natural Ingredients;251.00;224
null;Intelligent Cotton Table;New range of formal shirts are designed keeping you in mind. With fits and styling that will make you stand apart;162.00;228
null;Recycled Plastic Ball;New ABC 13 9370, 13.3, 5th Gen CoreA5-8250U, 8GB RAM, 256GB SSD, power UHD Graphics, OS 10 Home, OS Office A & J 2016;137.00;251
